folder,filename,relative_path
01_logos,ethny-official-ethny-app-icon.svg,01_logos/ethny-official-ethny-app-icon.svg
01_logos,ethny-official-ethny-estampille.svg,01_logos/ethny-official-ethny-estampille.svg
01_logos,ethny-official-ethny-logo-cercle-brise-horizontal.svg,01_logos/ethny-official-ethny-logo-cercle-brise-horizontal.svg
01_logos,ethny-official-ethny-logo-cercle-brise.svg,01_logos/ethny-official-ethny-logo-cercle-brise.svg
01_logos,ethny-official-ethny-logo-clair.svg,01_logos/ethny-official-ethny-logo-clair.svg
01_logos,ethny-official-ethny-logo-dark.svg,01_logos/ethny-official-ethny-logo-dark.svg
01_logos,ethny-official-ethny-logo-fonce-transparent.svg,01_logos/ethny-official-ethny-logo-fonce-transparent.svg
01_logos,ethny-official-ethny-logo-fonce.svg,01_logos/ethny-official-ethny-logo-fonce.svg
01_logos,ethny-official-ethny-logo-premium.svg,01_logos/ethny-official-ethny-logo-premium.svg
01_logos,ethny-official-ethny-mark-favicon.svg,01_logos/ethny-official-ethny-mark-favicon.svg
01_logos,ethny-official-ethny-wordmark-min.svg,01_logos/ethny-official-ethny-wordmark-min.svg
02_pictogrammes,ethny-picto-anniversaire.svg,02_pictogrammes/ethny-picto-anniversaire.svg
02_pictogrammes,ethny-picto-assiette.svg,02_pictogrammes/ethny-picto-assiette.svg
02_pictogrammes,ethny-picto-boussole.svg,02_pictogrammes/ethny-picto-boussole.svg
02_pictogrammes,ethny-picto-casserole.svg,02_pictogrammes/ethny-picto-casserole.svg
02_pictogrammes,ethny-picto-chef.svg,02_pictogrammes/ethny-picto-chef.svg
02_pictogrammes,ethny-picto-cours.svg,02_pictogrammes/ethny-picto-cours.svg
02_pictogrammes,ethny-picto-couteau.svg,02_pictogrammes/ethny-picto-couteau.svg
02_pictogrammes,ethny-picto-cuisson.svg,02_pictogrammes/ethny-picto-cuisson.svg
02_pictogrammes,ethny-picto-epices.svg,02_pictogrammes/ethny-picto-epices.svg
02_pictogrammes,ethny-picto-etoile.svg,02_pictogrammes/ethny-picto-etoile.svg
02_pictogrammes,ethny-picto-evenement.svg,02_pictogrammes/ethny-picto-evenement.svg
02_pictogrammes,ethny-picto-fermentation.svg,02_pictogrammes/ethny-picto-fermentation.svg
02_pictogrammes,ethny-picto-feu.svg,02_pictogrammes/ethny-picto-feu.svg
02_pictogrammes,ethny-picto-feuille.svg,02_pictogrammes/ethny-picto-feuille.svg
02_pictogrammes,ethny-picto-globe.svg,02_pictogrammes/ethny-picto-globe.svg
02_pictogrammes,ethny-picto-herbes.svg,02_pictogrammes/ethny-picto-herbes.svg
02_pictogrammes,ethny-picto-legumes.svg,02_pictogrammes/ethny-picto-legumes.svg
02_pictogrammes,ethny-picto-mariage.svg,02_pictogrammes/ethny-picto-mariage.svg
02_pictogrammes,ethny-picto-montagne.svg,02_pictogrammes/ethny-picto-montagne.svg
02_pictogrammes,ethny-picto-poisson.svg,02_pictogrammes/ethny-picto-poisson.svg
02_pictogrammes,ethny-picto-reservation.svg,02_pictogrammes/ethny-picto-reservation.svg
02_pictogrammes,ethny-picto-soleil.svg,02_pictogrammes/ethny-picto-soleil.svg
02_pictogrammes,ethny-picto-table.svg,02_pictogrammes/ethny-picto-table.svg
02_pictogrammes,ethny-picto-toque.svg,02_pictogrammes/ethny-picto-toque.svg
02_pictogrammes,ethny-picto-vague.svg,02_pictogrammes/ethny-picto-vague.svg
02_pictogrammes,ethny-picto-verre.svg,02_pictogrammes/ethny-picto-verre.svg
02_pictogrammes,ethny-picto-viande.svg,02_pictogrammes/ethny-picto-viande.svg
03_icones,ethny-favicon-cercle-brise.svg,03_icones/ethny-favicon-cercle-brise.svg
03_icones,ethny-favicon.svg,03_icones/ethny-favicon.svg
03_icones,usage-broderie.svg,03_icones/usage-broderie.svg
03_icones,usage-clearspace.svg,03_icones/usage-clearspace.svg
03_icones,usage-embossage.svg,03_icones/usage-embossage.svg
03_icones,usage-engraving.svg,03_icones/usage-engraving.svg
03_icones,usage-enseigne.svg,03_icones/usage-enseigne.svg
03_icones,usage-fond-clair.svg,03_icones/usage-fond-clair.svg
03_icones,usage-fond-fonce.svg,03_icones/usage-fond-fonce.svg
03_icones,usage-laser.svg,03_icones/usage-laser.svg
03_icones,usage-minimum-size.svg,03_icones/usage-minimum-size.svg
03_icones,usage-monochrome.svg,03_icones/usage-monochrome.svg
03_icones,usage-packaging.svg,03_icones/usage-packaging.svg
03_icones,usage-print.svg,03_icones/usage-print.svg
03_icones,usage-social.svg,03_icones/usage-social.svg
03_icones,usage-svg-optimized.svg,03_icones/usage-svg-optimized.svg
03_icones,usage-transparent.svg,03_icones/usage-transparent.svg
04_couleurs,ethny-couleur-anthracite.svg,04_couleurs/ethny-couleur-anthracite.svg
04_couleurs,ethny-couleur-beige.svg,04_couleurs/ethny-couleur-beige.svg
04_couleurs,ethny-couleur-blanc-surface.svg,04_couleurs/ethny-couleur-blanc-surface.svg
04_couleurs,ethny-couleur-creme.svg,04_couleurs/ethny-couleur-creme.svg
04_couleurs,ethny-couleur-foret-profond.svg,04_couleurs/ethny-couleur-foret-profond.svg
04_couleurs,ethny-couleur-pierre.svg,04_couleurs/ethny-couleur-pierre.svg
04_couleurs,ethny-couleur-sauge.svg,04_couleurs/ethny-couleur-sauge.svg
04_couleurs,ethny-couleur-vert-foret.svg,04_couleurs/ethny-couleur-vert-foret.svg
04_couleurs,ethny-palette-officielle.svg,04_couleurs/ethny-palette-officielle.svg
05_typographies,ethny-typographie-hierarchie.svg,05_typographies/ethny-typographie-hierarchie.svg
06_textures,ethny-texture-officielle-exploration-cream-on-transparent.svg,06_textures/ethny-texture-officielle-exploration-cream-on-transparent.svg
06_textures,ethny-texture-officielle-geometrie-cream-on-transparent.svg,06_textures/ethny-texture-officielle-geometrie-cream-on-transparent.svg
06_textures,ethny-texture-officielle-minimal-cream-on-transparent.svg,06_textures/ethny-texture-officielle-minimal-cream-on-transparent.svg
06_textures,ethny-texture-officielle-topographie-cream-on-transparent.svg,06_textures/ethny-texture-officielle-topographie-cream-on-transparent.svg
06_textures,ethny-texture-officielle-vegetal-cream-on-transparent.svg,06_textures/ethny-texture-officielle-vegetal-cream-on-transparent.svg
07_motifs,ethny-motif-officiel-contour-field.svg,07_motifs/ethny-motif-officiel-contour-field.svg
07_motifs,ethny-motif-officiel-courbes.svg,07_motifs/ethny-motif-officiel-courbes.svg
07_motifs,ethny-motif-officiel-feuille.svg,07_motifs/ethny-motif-officiel-feuille.svg
07_motifs,ethny-motif-officiel-ramure.svg,07_motifs/ethny-motif-officiel-ramure.svg
07_motifs,ethny-motif-officiel-rond-brise.svg,07_motifs/ethny-motif-officiel-rond-brise.svg
08_separateurs,ethny-separateur-officiel-heading-light.svg,08_separateurs/ethny-separateur-officiel-heading-light.svg
08_separateurs,ethny-separateur-officiel-line-cream-on-green.svg,08_separateurs/ethny-separateur-officiel-line-cream-on-green.svg
08_separateurs,ethny-separateur-officiel-signature-line.svg,08_separateurs/ethny-separateur-officiel-signature-line.svg
09_cadres,ethny-cadre-officiel-card-service.svg,09_cadres/ethny-cadre-officiel-card-service.svg
09_cadres,ethny-cadre-officiel-card-simple-cream.svg,09_cadres/ethny-cadre-officiel-card-simple-cream.svg
09_cadres,ethny-cadre-officiel-media-frame.svg,09_cadres/ethny-cadre-officiel-media-frame.svg
09_cadres,ethny-cadre-officiel-panel-deep-green.svg,09_cadres/ethny-cadre-officiel-panel-deep-green.svg
10_badges,ethny-badge-officiel-chef-prive-solid-forest.svg,10_badges/ethny-badge-officiel-chef-prive-solid-forest.svg
10_badges,ethny-badge-officiel-cours-solid-stone.svg,10_badges/ethny-badge-officiel-cours-solid-stone.svg
10_badges,ethny-badge-officiel-cuisine-locale-soft-sage.svg,10_badges/ethny-badge-officiel-cuisine-locale-soft-sage.svg
10_badges,ethny-badge-officiel-evenement-outline-forest.svg,10_badges/ethny-badge-officiel-evenement-outline-forest.svg
10_badges,ethny-badge-officiel-fusion-soft-forest.svg,10_badges/ethny-badge-officiel-fusion-soft-forest.svg
10_badges,ethny-badge-officiel-mariage-outline-stone.svg,10_badges/ethny-badge-officiel-mariage-outline-stone.svg
10_badges,ethny-badge-officiel-private-dining-outline-forest.svg,10_badges/ethny-badge-officiel-private-dining-outline-forest.svg
10_badges,ethny-badge-officiel-traiteur-solid-sage.svg,10_badges/ethny-badge-officiel-traiteur-solid-sage.svg
11_boutons,ethny-bouton-officiel-dark-md-recevoir-devis.svg,11_boutons/ethny-bouton-officiel-dark-md-recevoir-devis.svg
11_boutons,ethny-bouton-officiel-disabled-primary.svg,11_boutons/ethny-bouton-officiel-disabled-primary.svg
11_boutons,ethny-bouton-officiel-ghost-md-details.svg,11_boutons/ethny-bouton-officiel-ghost-md-details.svg
11_boutons,ethny-bouton-officiel-light-on-dark-reserver.svg,11_boutons/ethny-bouton-officiel-light-on-dark-reserver.svg
11_boutons,ethny-bouton-officiel-outline-lg-en-savoir-plus.svg,11_boutons/ethny-bouton-officiel-outline-lg-en-savoir-plus.svg
11_boutons,ethny-bouton-officiel-outline-on-dark-contacter.svg,11_boutons/ethny-bouton-officiel-outline-on-dark-contacter.svg
11_boutons,ethny-bouton-officiel-primary-lg-demander-proposition.svg,11_boutons/ethny-bouton-officiel-primary-lg-demander-proposition.svg
11_boutons,ethny-bouton-officiel-secondary-lg-voir-menus.svg,11_boutons/ethny-bouton-officiel-secondary-lg-voir-menus.svg
12_arriere-plans,ethny-bg-officiel-exploration-vert-profond.svg,12_arriere-plans/ethny-bg-officiel-exploration-vert-profond.svg
12_arriere-plans,ethny-bg-officiel-geometrie-vert-profond.svg,12_arriere-plans/ethny-bg-officiel-geometrie-vert-profond.svg
12_arriere-plans,ethny-bg-officiel-minimal-vert-profond.svg,12_arriere-plans/ethny-bg-officiel-minimal-vert-profond.svg
12_arriere-plans,ethny-bg-officiel-topographie-vert-profond.svg,12_arriere-plans/ethny-bg-officiel-topographie-vert-profond.svg
12_arriere-plans,ethny-bg-officiel-vegetal-vert-profond.svg,12_arriere-plans/ethny-bg-officiel-vegetal-vert-profond.svg
13_mockups,ethny-mockup-officiel-badge-card.svg,13_mockups/ethny-mockup-officiel-badge-card.svg
13_mockups,ethny-mockup-officiel-buttons.svg,13_mockups/ethny-mockup-officiel-buttons.svg
13_mockups,ethny-mockup-officiel-form-fields.svg,13_mockups/ethny-mockup-officiel-form-fields.svg
13_mockups,ethny-mockup-officiel-section-heading.svg,13_mockups/ethny-mockup-officiel-section-heading.svg
13_mockups,ethny-mockup-officiel-testimonial.svg,13_mockups/ethny-mockup-officiel-testimonial.svg
